id;name;geoid;geoname;value;datetime
634;Precio Banda de regulación secundaria;;;15.7;2017-01-01T00:00:00+01:00
634;Precio Banda de regulación secundaria;;;16.35;2017-01-01T01:00:00+01:00
634;Precio Banda de regulación secundaria;;;19.24;2017-01-01T02:00:00+01:00
634;Precio Banda de regulación secundaria;;;20.3;2017-01-01T03:00:00+01:00
634;Precio Banda de regulación secundaria;;;21.11;2017-01-01T04:00:00+01:00
634;Precio Banda de regulación secundaria;;;20.83;2017-01-01T05:00:00+01:00
634;Precio Banda de regulación secundaria;;;20.83;2017-01-01T06:00:00+01:00
634;Precio Banda de regulación secundaria;;;20;2017-01-01T07:00:00+01:00
634;Precio Banda de regulación secundaria;;;20;2017-01-01T08:00:00+01:00
634;Precio Banda de regulación secundaria;;;20.74;2017-01-01T09:00:00+01:00
634;Precio Banda de regulación secundaria;;;24.83;2017-01-01T10:00:00+01:00
634;Precio Banda de regulación secundaria;;;24.7;2017-01-01T11:00:00+01:00
634;Precio Banda de regulación secundaria;;;19.77;2017-01-01T12:00:00+01:00
634;Precio Banda de regulación secundaria;;;20;2017-01-01T13:00:00+01:00
634;Precio Banda de regulación secundaria;;;21.89;2017-01-01T14:00:00+01:00
634;Precio Banda de regulación secundaria;;;25.78;2017-01-01T15:00:00+01:00
634;Precio Banda de regulación secundaria;;;25.78;2017-01-01T16:00:00+01:00
634;Precio Banda de regulación secundaria;;;23.32;2017-01-01T17:00:00+01:00
634;Precio Banda de regulación secundaria;;;17.37;2017-01-01T18:00:00+01:00
634;Precio Banda de regulación secundaria;;;15;2017-01-01T19:00:00+01:00
634;Precio Banda de regulación secundaria;;;12.37;2017-01-01T20:00:00+01:00
634;Precio Banda de regulación secundaria;;;13.05;2017-01-01T21:00:00+01:00
634;Precio Banda de regulación secundaria;;;14;2017-01-01T22:00:00+01:00
634;Precio Banda de regulación secundaria;;;22;2017-01-01T23:00:00+01:00
634;Precio Banda de regulación secundaria;;;20.83;2017-01-02T00:00:00+01:00
634;Precio Banda de regulación secundaria;;;19.19;2017-01-02T01:00:00+01:00
634;Precio Banda de regulación secundaria;;;19.77;2017-01-02T02:00:00+01:00
634;Precio Banda de regulación secundaria;;;20.83;2017-01-02T03:00:00+01:00
634;Precio Banda de regulación secundaria;;;21.18;2017-01-02T04:00:00+01:00
634;Precio Banda de regulación secundaria;;;20.83;2017-01-02T05:00:00+01:00
634;Precio Banda de regulación secundaria;;;39.28;2017-01-02T06:00:00+01:00
634;Precio Banda de regulación secundaria;;;18.71;2017-01-02T07:00:00+01:00
634;Precio Banda de regulación secundaria;;;15.02;2017-01-02T08:00:00+01:00
634;Precio Banda de regulación secundaria;;;10.85;2017-01-02T09:00:00+01:00
634;Precio Banda de regulación secundaria;;;8.57;2017-01-02T10:00:00+01:00
634;Precio Banda de regulación secundaria;;;6.79;2017-01-02T11:00:00+01:00
634;Precio Banda de regulación secundaria;;;6.66;2017-01-02T12:00:00+01:00
634;Precio Banda de regulación secundaria;;;3.64;2017-01-02T13:00:00+01:00
634;Precio Banda de regulación secundaria;;;7.02;2017-01-02T14:00:00+01:00
634;Precio Banda de regulación secundaria;;;15.53;2017-01-02T15:00:00+01:00
634;Precio Banda de regulación secundaria;;;3.64;2017-01-02T16:00:00+01:00
634;Precio Banda de regulación secundaria;;;4;2017-01-02T17:00:00+01:00
634;Precio Banda de regulación secundaria;;;6.13;2017-01-02T18:00:00+01:00
634;Precio Banda de regulación secundaria;;;6.62;2017-01-02T19:00:00+01:00
634;Precio Banda de regulación secundaria;;;4.51;2017-01-02T20:00:00+01:00
634;Precio Banda de regulación secundaria;;;3.64;2017-01-02T21:00:00+01:00
634;Precio Banda de regulación secundaria;;;6.93;2017-01-02T22:00:00+01:00
634;Precio Banda de regulación secundaria;;;16.75;2017-01-02T23:00:00+01:00
634;Precio Banda de regulación secundaria;;;26;2017-01-03T00:00:00+01:00
634;Precio Banda de regulación secundaria;;;16.59;2017-01-03T01:00:00+01:00
634;Precio Banda de regulación secundaria;;;17.65;2017-01-03T02:00:00+01:00
634;Precio Banda de regulación secundaria;;;19.24;2017-01-03T03:00:00+01:00
634;Precio Banda de regulación secundaria;;;19.77;2017-01-03T04:00:00+01:00
634;Precio Banda de regulación secundaria;;;20;2017-01-03T05:00:00+01:00
634;Precio Banda de regulación secundaria;;;27.05;2017-01-03T06:00:00+01:00
634;Precio Banda de regulación secundaria;;;18.5;2017-01-03T07:00:00+01:00
634;Precio Banda de regulación secundaria;;;10.01;2017-01-03T08:00:00+01:00
634;Precio Banda de regulación secundaria;;;11.92;2017-01-03T09:00:00+01:00
634;Precio Banda de regulación secundaria;;;9.04;2017-01-03T10:00:00+01:00
634;Precio Banda de regulación secundaria;;;9.05;2017-01-03T11:00:00+01:00
634;Precio Banda de regulación secundaria;;;9.92;2017-01-03T12:00:00+01:00
634;Precio Banda de regulación secundaria;;;8.42;2017-01-03T13:00:00+01:00
634;Precio Banda de regulación secundaria;;;14.23;2017-01-03T14:00:00+01:00
634;Precio Banda de regulación secundaria;;;14.51;2017-01-03T15:00:00+01:00
634;Precio Banda de regulación secundaria;;;8.65;2017-01-03T16:00:00+01:00
634;Precio Banda de regulación secundaria;;;8.68;2017-01-03T17:00:00+01:00
634;Precio Banda de regulación secundaria;;;9.4;2017-01-03T18:00:00+01:00
634;Precio Banda de regulación secundaria;;;9.65;2017-01-03T19:00:00+01:00
634;Precio Banda de regulación secundaria;;;9.23;2017-01-03T20:00:00+01:00
634;Precio Banda de regulación secundaria;;;13.96;2017-01-03T21:00:00+01:00
634;Precio Banda de regulación secundaria;;;16.71;2017-01-03T22:00:00+01:00
634;Precio Banda de regulación secundaria;;;17.01;2017-01-03T23:00:00+01:00
634;Precio Banda de regulación secundaria;;;20;2017-01-04T00:00:00+01:00
634;Precio Banda de regulación secundaria;;;16.5;2017-01-04T01:00:00+01:00
634;Precio Banda de regulación secundaria;;;14.14;2017-01-04T02:00:00+01:00
634;Precio Banda de regulación secundaria;;;14;2017-01-04T03:00:00+01:00
634;Precio Banda de regulación secundaria;;;11.65;2017-01-04T04:00:00+01:00
634;Precio Banda de regulación secundaria;;;13.74;2017-01-04T05:00:00+01:00
634;Precio Banda de regulación secundaria;;;22.03;2017-01-04T06:00:00+01:00
634;Precio Banda de regulación secundaria;;;16.72;2017-01-04T07:00:00+01:00
634;Precio Banda de regulación secundaria;;;10.72;2017-01-04T08:00:00+01:00
634;Precio Banda de regulación secundaria;;;10.82;2017-01-04T09:00:00+01:00
634;Precio Banda de regulación secundaria;;;8.47;2017-01-04T10:00:00+01:00
634;Precio Banda de regulación secundaria;;;6.66;2017-01-04T11:00:00+01:00
634;Precio Banda de regulación secundaria;;;6.49;2017-01-04T12:00:00+01:00
634;Precio Banda de regulación secundaria;;;6.47;2017-01-04T13:00:00+01:00
634;Precio Banda de regulación secundaria;;;9.54;2017-01-04T14:00:00+01:00
634;Precio Banda de regulación secundaria;;;11.91;2017-01-04T15:00:00+01:00
634;Precio Banda de regulación secundaria;;;7;2017-01-04T16:00:00+01:00
634;Precio Banda de regulación secundaria;;;7.79;2017-01-04T17:00:00+01:00
634;Precio Banda de regulación secundaria;;;8.33;2017-01-04T18:00:00+01:00
634;Precio Banda de regulación secundaria;;;7.12;2017-01-04T19:00:00+01:00
634;Precio Banda de regulación secundaria;;;6.41;2017-01-04T20:00:00+01:00
634;Precio Banda de regulación secundaria;;;9.27;2017-01-04T21:00:00+01:00
634;Precio Banda de regulación secundaria;;;12.74;2017-01-04T22:00:00+01:00
634;Precio Banda de regulación secundaria;;;16.73;2017-01-04T23:00:00+01:00
634;Precio Banda de regulación secundaria;;;28.52;2017-01-05T00:00:00+01:00
634;Precio Banda de regulación secundaria;;;38.01;2017-01-05T01:00:00+01:00
634;Precio Banda de regulación secundaria;;;33.89;2017-01-05T02:00:00+01:00
634;Precio Banda de regulación secundaria;;;34.93;2017-01-05T03:00:00+01:00
634;Precio Banda de regulación secundaria;;;18.71;2017-01-05T04:00:00+01:00
634;Precio Banda de regulación secundaria;;;18.71;2017-01-05T05:00:00+01:00
634;Precio Banda de regulación secundaria;;;21.45;2017-01-05T06:00:00+01:00
634;Precio Banda de regulación secundaria;;;10.21;2017-01-05T07:00:00+01:00
634;Precio Banda de regulación secundaria;;;7.8;2017-01-05T08:00:00+01:00
634;Precio Banda de regulación secundaria;;;6;2017-01-05T09:00:00+01:00
634;Precio Banda de regulación secundaria;;;7.16;2017-01-05T10:00:00+01:00
634;Precio Banda de regulación secundaria;;;6.57;2017-01-05T11:00:00+01:00
634;Precio Banda de regulación secundaria;;;6.53;2017-01-05T12:00:00+01:00
634;Precio Banda de regulación secundaria;;;4;2017-01-05T13:00:00+01:00
634;Precio Banda de regulación secundaria;;;5.26;2017-01-05T14:00:00+01:00
634;Precio Banda de regulación secundaria;;;5.51;2017-01-05T15:00:00+01:00
634;Precio Banda de regulación secundaria;;;4;2017-01-05T16:00:00+01:00
634;Precio Banda de regulación secundaria;;;7;2017-01-05T17:00:00+01:00
634;Precio Banda de regulación secundaria;;;7;2017-01-05T18:00:00+01:00
634;Precio Banda de regulación secundaria;;;6;2017-01-05T19:00:00+01:00
634;Precio Banda de regulación secundaria;;;7.22;2017-01-05T20:00:00+01:00
634;Precio Banda de regulación secundaria;;;7;2017-01-05T21:00:00+01:00
634;Precio Banda de regulación secundaria;;;7.07;2017-01-05T22:00:00+01:00
634;Precio Banda de regulación secundaria;;;9.82;2017-01-05T23:00:00+01:00
634;Precio Banda de regulación secundaria;;;11.04;2017-01-06T00:00:00+01:00
634;Precio Banda de regulación secundaria;;;18;2017-01-06T01:00:00+01:00
634;Precio Banda de regulación secundaria;;;15.86;2017-01-06T02:00:00+01:00
634;Precio Banda de regulación secundaria;;;17.81;2017-01-06T03:00:00+01:00
634;Precio Banda de regulación secundaria;;;18.49;2017-01-06T04:00:00+01:00
634;Precio Banda de regulación secundaria;;;15.5;2017-01-06T05:00:00+01:00
634;Precio Banda de regulación secundaria;;;15.29;2017-01-06T06:00:00+01:00
634;Precio Banda de regulación secundaria;;;8;2017-01-06T07:00:00+01:00
634;Precio Banda de regulación secundaria;;;6;2017-01-06T08:00:00+01:00
634;Precio Banda de regulación secundaria;;;9;2017-01-06T09:00:00+01:00
634;Precio Banda de regulación secundaria;;;7.21;2017-01-06T10:00:00+01:00
634;Precio Banda de regulación secundaria;;;6;2017-01-06T11:00:00+01:00
634;Precio Banda de regulación secundaria;;;6;2017-01-06T12:00:00+01:00
634;Precio Banda de regulación secundaria;;;5.93;2017-01-06T13:00:00+01:00
634;Precio Banda de regulación secundaria;;;7.32;2017-01-06T14:00:00+01:00
634;Precio Banda de regulación secundaria;;;6;2017-01-06T15:00:00+01:00
634;Precio Banda de regulación secundaria;;;4.14;2017-01-06T16:00:00+01:00
634;Precio Banda de regulación secundaria;;;5.13;2017-01-06T17:00:00+01:00
634;Precio Banda de regulación secundaria;;;6.3;2017-01-06T18:00:00+01:00
634;Precio Banda de regulación secundaria;;;7;2017-01-06T19:00:00+01:00
634;Precio Banda de regulación secundaria;;;6.5;2017-01-06T20:00:00+01:00
634;Precio Banda de regulación secundaria;;;6.85;2017-01-06T21:00:00+01:00
634;Precio Banda de regulación secundaria;;;6;2017-01-06T22:00:00+01:00
634;Precio Banda de regulación secundaria;;;9.63;2017-01-06T23:00:00+01:00
634;Precio Banda de regulación secundaria;;;15.9;2017-01-07T00:00:00+01:00
634;Precio Banda de regulación secundaria;;;19.5;2017-01-07T01:00:00+01:00
634;Precio Banda de regulación secundaria;;;29.39;2017-01-07T02:00:00+01:00
634;Precio Banda de regulación secundaria;;;30.01;2017-01-07T03:00:00+01:00
634;Precio Banda de regulación secundaria;;;18.9;2017-01-07T04:00:00+01:00
634;Precio Banda de regulación secundaria;;;18.9;2017-01-07T05:00:00+01:00
634;Precio Banda de regulación secundaria;;;22.01;2017-01-07T06:00:00+01:00
634;Precio Banda de regulación secundaria;;;28.93;2017-01-07T07:00:00+01:00
634;Precio Banda de regulación secundaria;;;19.82;2017-01-07T08:00:00+01:00
634;Precio Banda de regulación secundaria;;;14.1;2017-01-07T09:00:00+01:00
634;Precio Banda de regulación secundaria;;;12.23;2017-01-07T10:00:00+01:00
634;Precio Banda de regulación secundaria;;;11.7;2017-01-07T11:00:00+01:00
634;Precio Banda de regulación secundaria;;;8.73;2017-01-07T12:00:00+01:00
634;Precio Banda de regulación secundaria;;;11.3;2017-01-07T13:00:00+01:00
634;Precio Banda de regulación secundaria;;;12.9;2017-01-07T14:00:00+01:00
634;Precio Banda de regulación secundaria;;;14.71;2017-01-07T15:00:00+01:00
634;Precio Banda de regulación secundaria;;;10.8;2017-01-07T16:00:00+01:00
634;Precio Banda de regulación secundaria;;;8.39;2017-01-07T17:00:00+01:00
634;Precio Banda de regulación secundaria;;;7.94;2017-01-07T18:00:00+01:00
634;Precio Banda de regulación secundaria;;;6;2017-01-07T19:00:00+01:00
634;Precio Banda de regulación secundaria;;;10.8;2017-01-07T20:00:00+01:00
634;Precio Banda de regulación secundaria;;;5.26;2017-01-07T21:00:00+01:00
634;Precio Banda de regulación secundaria;;;11;2017-01-07T22:00:00+01:00
634;Precio Banda de regulación secundaria;;;17.18;2017-01-07T23:00:00+01:00
634;Precio Banda de regulación secundaria;;;13.3;2017-01-08T00:00:00+01:00
634;Precio Banda de regulación secundaria;;;25.33;2017-01-08T01:00:00+01:00
634;Precio Banda de regulación secundaria;;;27.22;2017-01-08T02:00:00+01:00
634;Precio Banda de regulación secundaria;;;31.88;2017-01-08T03:00:00+01:00
634;Precio Banda de regulación secundaria;;;22.01;2017-01-08T04:00:00+01:00
634;Precio Banda de regulación secundaria;;;20.01;2017-01-08T05:00:00+01:00
634;Precio Banda de regulación secundaria;;;22.01;2017-01-08T06:00:00+01:00
634;Precio Banda de regulación secundaria;;;26.01;2017-01-08T07:00:00+01:00
634;Precio Banda de regulación secundaria;;;24.2;2017-01-08T08:00:00+01:00
634;Precio Banda de regulación secundaria;;;22.08;2017-01-08T09:00:00+01:00
634;Precio Banda de regulación secundaria;;;22.72;2017-01-08T10:00:00+01:00
634;Precio Banda de regulación secundaria;;;19.91;2017-01-08T11:00:00+01:00
634;Precio Banda de regulación secundaria;;;15.95;2017-01-08T12:00:00+01:00
634;Precio Banda de regulación secundaria;;;15.48;2017-01-08T13:00:00+01:00
634;Precio Banda de regulación secundaria;;;19.58;2017-01-08T14:00:00+01:00
634;Precio Banda de regulación secundaria;;;27.92;2017-01-08T15:00:00+01:00
634;Precio Banda de regulación secundaria;;;27.01;2017-01-08T16:00:00+01:00
634;Precio Banda de regulación secundaria;;;13.8;2017-01-08T17:00:00+01:00
634;Precio Banda de regulación secundaria;;;13.83;2017-01-08T18:00:00+01:00
634;Precio Banda de regulación secundaria;;;10.37;2017-01-08T19:00:00+01:00
634;Precio Banda de regulación secundaria;;;11.97;2017-01-08T20:00:00+01:00
634;Precio Banda de regulación secundaria;;;13.43;2017-01-08T21:00:00+01:00
634;Precio Banda de regulación secundaria;;;15.28;2017-01-08T22:00:00+01:00
634;Precio Banda de regulación secundaria;;;16.08;2017-01-08T23:00:00+01:00
634;Precio Banda de regulación secundaria;;;25.44;2017-01-09T00:00:00+01:00
634;Precio Banda de regulación secundaria;;;31.48;2017-01-09T01:00:00+01:00
634;Precio Banda de regulación secundaria;;;33;2017-01-09T02:00:00+01:00
634;Precio Banda de regulación secundaria;;;37;2017-01-09T03:00:00+01:00
634;Precio Banda de regulación secundaria;;;19;2017-01-09T04:00:00+01:00
634;Precio Banda de regulación secundaria;;;36.99;2017-01-09T05:00:00+01:00
634;Precio Banda de regulación secundaria;;;26.21;2017-01-09T06:00:00+01:00
634;Precio Banda de regulación secundaria;;;16.21;2017-01-09T07:00:00+01:00
634;Precio Banda de regulación secundaria;;;11.21;2017-01-09T08:00:00+01:00
634;Precio Banda de regulación secundaria;;;12.25;2017-01-09T09:00:00+01:00
634;Precio Banda de regulación secundaria;;;11.71;2017-01-09T10:00:00+01:00
634;Precio Banda de regulación secundaria;;;10.57;2017-01-09T11:00:00+01:00
634;Precio Banda de regulación secundaria;;;10.57;2017-01-09T12:00:00+01:00
634;Precio Banda de regulación secundaria;;;6.17;2017-01-09T13:00:00+01:00
634;Precio Banda de regulación secundaria;;;11.22;2017-01-09T14:00:00+01:00
634;Precio Banda de regulación secundaria;;;12;2017-01-09T15:00:00+01:00
634;Precio Banda de regulación secundaria;;;8.07;2017-01-09T16:00:00+01:00
634;Precio Banda de regulación secundaria;;;10.1;2017-01-09T17:00:00+01:00
634;Precio Banda de regulación secundaria;;;11.96;2017-01-09T18:00:00+01:00
634;Precio Banda de regulación secundaria;;;12.22;2017-01-09T19:00:00+01:00
634;Precio Banda de regulación secundaria;;;12.3;2017-01-09T20:00:00+01:00
634;Precio Banda de regulación secundaria;;;13.99;2017-01-09T21:00:00+01:00
634;Precio Banda de regulación secundaria;;;19.59;2017-01-09T22:00:00+01:00
634;Precio Banda de regulación secundaria;;;16.84;2017-01-09T23:00:00+01:00
634;Precio Banda de regulación secundaria;;;25.9;2017-01-10T00:00:00+01:00
634;Precio Banda de regulación secundaria;;;30.37;2017-01-10T01:00:00+01:00
634;Precio Banda de regulación secundaria;;;29.97;2017-01-10T02:00:00+01:00
634;Precio Banda de regulación secundaria;;;38.57;2017-01-10T03:00:00+01:00
634;Precio Banda de regulación secundaria;;;22.02;2017-01-10T04:00:00+01:00
634;Precio Banda de regulación secundaria;;;27;2017-01-10T05:00:00+01:00
634;Precio Banda de regulación secundaria;;;27.63;2017-01-10T06:00:00+01:00
634;Precio Banda de regulación secundaria;;;21.9;2017-01-10T07:00:00+01:00
634;Precio Banda de regulación secundaria;;;21.9;2017-01-10T08:00:00+01:00
634;Precio Banda de regulación secundaria;;;17.1;2017-01-10T09:00:00+01:00
634;Precio Banda de regulación secundaria;;;15.49;2017-01-10T10:00:00+01:00
634;Precio Banda de regulación secundaria;;;12.29;2017-01-10T11:00:00+01:00
634;Precio Banda de regulación secundaria;;;12.93;2017-01-10T12:00:00+01:00
634;Precio Banda de regulación secundaria;;;13.71;2017-01-10T13:00:00+01:00
634;Precio Banda de regulación secundaria;;;21.76;2017-01-10T14:00:00+01:00
634;Precio Banda de regulación secundaria;;;16.9;2017-01-10T15:00:00+01:00
634;Precio Banda de regulación secundaria;;;18.6;2017-01-10T16:00:00+01:00
634;Precio Banda de regulación secundaria;;;17.89;2017-01-10T17:00:00+01:00
634;Precio Banda de regulación secundaria;;;18.67;2017-01-10T18:00:00+01:00
634;Precio Banda de regulación secundaria;;;16.73;2017-01-10T19:00:00+01:00
634;Precio Banda de regulación secundaria;;;11.93;2017-01-10T20:00:00+01:00
634;Precio Banda de regulación secundaria;;;16.61;2017-01-10T21:00:00+01:00
634;Precio Banda de regulación secundaria;;;18.1;2017-01-10T22:00:00+01:00
634;Precio Banda de regulación secundaria;;;21.5;2017-01-10T23:00:00+01:00
634;Precio Banda de regulación secundaria;;;30;2017-01-11T00:00:00+01:00
634;Precio Banda de regulación secundaria;;;40;2017-01-11T01:00:00+01:00
634;Precio Banda de regulación secundaria;;;35;2017-01-11T02:00:00+01:00
634;Precio Banda de regulación secundaria;;;30;2017-01-11T03:00:00+01:00
634;Precio Banda de regulación secundaria;;;20;2017-01-11T04:00:00+01:00
634;Precio Banda de regulación secundaria;;;20;2017-01-11T05:00:00+01:00
634;Precio Banda de regulación secundaria;;;43.1;2017-01-11T06:00:00+01:00
634;Precio Banda de regulación secundaria;;;34.6;2017-01-11T07:00:00+01:00
634;Precio Banda de regulación secundaria;;;19.21;2017-01-11T08:00:00+01:00
634;Precio Banda de regulación secundaria;;;14.3;2017-01-11T09:00:00+01:00
634;Precio Banda de regulación secundaria;;;9;2017-01-11T10:00:00+01:00
634;Precio Banda de regulación secundaria;;;9;2017-01-11T11:00:00+01:00
634;Precio Banda de regulación secundaria;;;10.44;2017-01-11T12:00:00+01:00
634;Precio Banda de regulación secundaria;;;10.4;2017-01-11T13:00:00+01:00
634;Precio Banda de regulación secundaria;;;10.34;2017-01-11T14:00:00+01:00
634;Precio Banda de regulación secundaria;;;10.16;2017-01-11T15:00:00+01:00
634;Precio Banda de regulación secundaria;;;11;2017-01-11T16:00:00+01:00
634;Precio Banda de regulación secundaria;;;12.2;2017-01-11T17:00:00+01:00
634;Precio Banda de regulación secundaria;;;7;2017-01-11T18:00:00+01:00
634;Precio Banda de regulación secundaria;;;6.5;2017-01-11T19:00:00+01:00
634;Precio Banda de regulación secundaria;;;9.7;2017-01-11T20:00:00+01:00
634;Precio Banda de regulación secundaria;;;11;2017-01-11T21:00:00+01:00
634;Precio Banda de regulación secundaria;;;12.94;2017-01-11T22:00:00+01:00
634;Precio Banda de regulación secundaria;;;17.19;2017-01-11T23:00:00+01:00
634;Precio Banda de regulación secundaria;;;21.77;2017-01-12T00:00:00+01:00
634;Precio Banda de regulación secundaria;;;20.67;2017-01-12T01:00:00+01:00
634;Precio Banda de regulación secundaria;;;15.54;2017-01-12T02:00:00+01:00
634;Precio Banda de regulación secundaria;;;22.63;2017-01-12T03:00:00+01:00
634;Precio Banda de regulación secundaria;;;13.8;2017-01-12T04:00:00+01:00
634;Precio Banda de regulación secundaria;;;14.3;2017-01-12T05:00:00+01:00
634;Precio Banda de regulación secundaria;;;28.5;2017-01-12T06:00:00+01:00
634;Precio Banda de regulación secundaria;;;17.37;2017-01-12T07:00:00+01:00
634;Precio Banda de regulación secundaria;;;10.36;2017-01-12T08:00:00+01:00
634;Precio Banda de regulación secundaria;;;8.58;2017-01-12T09:00:00+01:00
634;Precio Banda de regulación secundaria;;;5.4;2017-01-12T10:00:00+01:00
634;Precio Banda de regulación secundaria;;;5;2017-01-12T11:00:00+01:00
634;Precio Banda de regulación secundaria;;;5;2017-01-12T12:00:00+01:00
634;Precio Banda de regulación secundaria;;;6.17;2017-01-12T13:00:00+01:00
634;Precio Banda de regulación secundaria;;;6.2;2017-01-12T14:00:00+01:00
634;Precio Banda de regulación secundaria;;;5.93;2017-01-12T15:00:00+01:00
634;Precio Banda de regulación secundaria;;;5.86;2017-01-12T16:00:00+01:00
634;Precio Banda de regulación secundaria;;;5.43;2017-01-12T17:00:00+01:00
634;Precio Banda de regulación secundaria;;;11.97;2017-01-12T18:00:00+01:00
634;Precio Banda de regulación secundaria;;;11.4;2017-01-12T19:00:00+01:00
634;Precio Banda de regulación secundaria;;;13.9;2017-01-12T20:00:00+01:00
634;Precio Banda de regulación secundaria;;;15;2017-01-12T21:00:00+01:00
634;Precio Banda de regulación secundaria;;;17.39;2017-01-12T22:00:00+01:00
634;Precio Banda de regulación secundaria;;;16.22;2017-01-12T23:00:00+01:00
634;Precio Banda de regulación secundaria;;;38.33;2017-01-13T00:00:00+01:00
634;Precio Banda de regulación secundaria;;;47.46;2017-01-13T01:00:00+01:00
634;Precio Banda de regulación secundaria;;;41.9;2017-01-13T02:00:00+01:00
634;Precio Banda de regulación secundaria;;;43.46;2017-01-13T03:00:00+01:00
634;Precio Banda de regulación secundaria;;;30.14;2017-01-13T04:00:00+01:00
634;Precio Banda de regulación secundaria;;;25;2017-01-13T05:00:00+01:00
634;Precio Banda de regulación secundaria;;;46.86;2017-01-13T06:00:00+01:00
634;Precio Banda de regulación secundaria;;;25.39;2017-01-13T07:00:00+01:00
634;Precio Banda de regulación secundaria;;;19.65;2017-01-13T08:00:00+01:00
634;Precio Banda de regulación secundaria;;;19.5;2017-01-13T09:00:00+01:00
634;Precio Banda de regulación secundaria;;;15;2017-01-13T10:00:00+01:00
634;Precio Banda de regulación secundaria;;;16.53;2017-01-13T11:00:00+01:00
634;Precio Banda de regulación secundaria;;;17.64;2017-01-13T12:00:00+01:00
634;Precio Banda de regulación secundaria;;;16.28;2017-01-13T13:00:00+01:00
634;Precio Banda de regulación secundaria;;;16.13;2017-01-13T14:00:00+01:00
634;Precio Banda de regulación secundaria;;;15.98;2017-01-13T15:00:00+01:00
634;Precio Banda de regulación secundaria;;;16.16;2017-01-13T16:00:00+01:00
634;Precio Banda de regulación secundaria;;;16.54;2017-01-13T17:00:00+01:00
634;Precio Banda de regulación secundaria;;;17.18;2017-01-13T18:00:00+01:00
634;Precio Banda de regulación secundaria;;;16;2017-01-13T19:00:00+01:00
634;Precio Banda de regulación secundaria;;;15.43;2017-01-13T20:00:00+01:00
634;Precio Banda de regulación secundaria;;;18.2;2017-01-13T21:00:00+01:00
634;Precio Banda de regulación secundaria;;;15.9;2017-01-13T22:00:00+01:00
634;Precio Banda de regulación secundaria;;;18;2017-01-13T23:00:00+01:00
634;Precio Banda de regulación secundaria;;;28.75;2017-01-14T00:00:00+01:00
634;Precio Banda de regulación secundaria;;;34.82;2017-01-14T01:00:00+01:00
634;Precio Banda de regulación secundaria;;;37.99;2017-01-14T02:00:00+01:00
634;Precio Banda de regulación secundaria;;;40.09;2017-01-14T03:00:00+01:00
634;Precio Banda de regulación secundaria;;;36.2;2017-01-14T04:00:00+01:00
634;Precio Banda de regulación secundaria;;;33.28;2017-01-14T05:00:00+01:00
634;Precio Banda de regulación secundaria;;;27.22;2017-01-14T06:00:00+01:00
634;Precio Banda de regulación secundaria;;;27.23;2017-01-14T07:00:00+01:00
634;Precio Banda de regulación secundaria;;;25.81;2017-01-14T08:00:00+01:00
634;Precio Banda de regulación secundaria;;;25.81;2017-01-14T09:00:00+01:00
634;Precio Banda de regulación secundaria;;;26.6;2017-01-14T10:00:00+01:00
634;Precio Banda de regulación secundaria;;;24;2017-01-14T11:00:00+01:00
634;Precio Banda de regulación secundaria;;;19.4;2017-01-14T12:00:00+01:00
634;Precio Banda de regulación secundaria;;;19.6;2017-01-14T13:00:00+01:00
634;Precio Banda de regulación secundaria;;;25.81;2017-01-14T14:00:00+01:00
634;Precio Banda de regulación secundaria;;;33.89;2017-01-14T15:00:00+01:00
634;Precio Banda de regulación secundaria;;;33.89;2017-01-14T16:00:00+01:00
634;Precio Banda de regulación secundaria;;;21.19;2017-01-14T17:00:00+01:00
634;Precio Banda de regulación secundaria;;;23.3;2017-01-14T18:00:00+01:00
634;Precio Banda de regulación secundaria;;;22.9;2017-01-14T19:00:00+01:00
634;Precio Banda de regulación secundaria;;;22.4;2017-01-14T20:00:00+01:00
634;Precio Banda de regulación secundaria;;;16.8;2017-01-14T21:00:00+01:00
634;Precio Banda de regulación secundaria;;;20.9;2017-01-14T22:00:00+01:00
634;Precio Banda de regulación secundaria;;;20.04;2017-01-14T23:00:00+01:00
634;Precio Banda de regulación secundaria;;;43.56;2017-01-15T00:00:00+01:00
634;Precio Banda de regulación secundaria;;;46.28;2017-01-15T01:00:00+01:00
634;Precio Banda de regulación secundaria;;;42.1;2017-01-15T02:00:00+01:00
634;Precio Banda de regulación secundaria;;;44.56;2017-01-15T03:00:00+01:00
634;Precio Banda de regulación secundaria;;;38;2017-01-15T04:00:00+01:00
634;Precio Banda de regulación secundaria;;;35;2017-01-15T05:00:00+01:00
634;Precio Banda de regulación secundaria;;;38;2017-01-15T06:00:00+01:00
634;Precio Banda de regulación secundaria;;;41.07;2017-01-15T07:00:00+01:00
634;Precio Banda de regulación secundaria;;;30;2017-01-15T08:00:00+01:00
634;Precio Banda de regulación secundaria;;;42.99;2017-01-15T09:00:00+01:00
634;Precio Banda de regulación secundaria;;;41.6;2017-01-15T10:00:00+01:00
634;Precio Banda de regulación secundaria;;;36.86;2017-01-15T11:00:00+01:00
634;Precio Banda de regulación secundaria;;;35;2017-01-15T12:00:00+01:00
634;Precio Banda de regulación secundaria;;;38;2017-01-15T13:00:00+01:00
634;Precio Banda de regulación secundaria;;;39.67;2017-01-15T14:00:00+01:00
634;Precio Banda de regulación secundaria;;;48.45;2017-01-15T15:00:00+01:00
634;Precio Banda de regulación secundaria;;;50;2017-01-15T16:00:00+01:00
634;Precio Banda de regulación secundaria;;;32.64;2017-01-15T17:00:00+01:00
634;Precio Banda de regulación secundaria;;;30.9;2017-01-15T18:00:00+01:00
634;Precio Banda de regulación secundaria;;;23.26;2017-01-15T19:00:00+01:00
634;Precio Banda de regulación secundaria;;;24.5;2017-01-15T20:00:00+01:00
634;Precio Banda de regulación secundaria;;;19.5;2017-01-15T21:00:00+01:00
634;Precio Banda de regulación secundaria;;;29.5;2017-01-15T22:00:00+01:00
634;Precio Banda de regulación secundaria;;;30.71;2017-01-15T23:00:00+01:00
634;Precio Banda de regulación secundaria;;;47.57;2017-01-16T00:00:00+01:00
634;Precio Banda de regulación secundaria;;;52.77;2017-01-16T01:00:00+01:00
634;Precio Banda de regulación secundaria;;;51.99;2017-01-16T02:00:00+01:00
634;Precio Banda de regulación secundaria;;;52.77;2017-01-16T03:00:00+01:00
634;Precio Banda de regulación secundaria;;;32.76;2017-01-16T04:00:00+01:00
634;Precio Banda de regulación secundaria;;;42.84;2017-01-16T05:00:00+01:00
634;Precio Banda de regulación secundaria;;;47.75;2017-01-16T06:00:00+01:00
634;Precio Banda de regulación secundaria;;;32.4;2017-01-16T07:00:00+01:00
634;Precio Banda de regulación secundaria;;;30.66;2017-01-16T08:00:00+01:00
634;Precio Banda de regulación secundaria;;;26.28;2017-01-16T09:00:00+01:00
634;Precio Banda de regulación secundaria;;;26.2;2017-01-16T10:00:00+01:00
634;Precio Banda de regulación secundaria;;;22.77;2017-01-16T11:00:00+01:00
634;Precio Banda de regulación secundaria;;;22.77;2017-01-16T12:00:00+01:00
634;Precio Banda de regulación secundaria;;;22.77;2017-01-16T13:00:00+01:00
634;Precio Banda de regulación secundaria;;;25.01;2017-01-16T14:00:00+01:00
634;Precio Banda de regulación secundaria;;;26.73;2017-01-16T15:00:00+01:00
634;Precio Banda de regulación secundaria;;;26.94;2017-01-16T16:00:00+01:00
634;Precio Banda de regulación secundaria;;;24.3;2017-01-16T17:00:00+01:00
634;Precio Banda de regulación secundaria;;;24.46;2017-01-16T18:00:00+01:00
634;Precio Banda de regulación secundaria;;;22.77;2017-01-16T19:00:00+01:00
634;Precio Banda de regulación secundaria;;;19.2;2017-01-16T20:00:00+01:00
634;Precio Banda de regulación secundaria;;;24.51;2017-01-16T21:00:00+01:00
634;Precio Banda de regulación secundaria;;;27.8;2017-01-16T22:00:00+01:00
634;Precio Banda de regulación secundaria;;;29.2;2017-01-16T23:00:00+01:00
634;Precio Banda de regulación secundaria;;;29.08;2017-01-17T00:00:00+01:00
634;Precio Banda de regulación secundaria;;;60.54;2017-01-17T01:00:00+01:00
634;Precio Banda de regulación secundaria;;;60.3;2017-01-17T02:00:00+01:00
634;Precio Banda de regulación secundaria;;;54.09;2017-01-17T03:00:00+01:00
634;Precio Banda de regulación secundaria;;;26.69;2017-01-17T04:00:00+01:00
634;Precio Banda de regulación secundaria;;;39.75;2017-01-17T05:00:00+01:00
634;Precio Banda de regulación secundaria;;;60.68;2017-01-17T06:00:00+01:00
634;Precio Banda de regulación secundaria;;;31.09;2017-01-17T07:00:00+01:00
634;Precio Banda de regulación secundaria;;;30;2017-01-17T08:00:00+01:00
634;Precio Banda de regulación secundaria;;;26.16;2017-01-17T09:00:00+01:00
634;Precio Banda de regulación secundaria;;;24.59;2017-01-17T10:00:00+01:00
634;Precio Banda de regulación secundaria;;;26.62;2017-01-17T11:00:00+01:00
634;Precio Banda de regulación secundaria;;;28.09;2017-01-17T12:00:00+01:00
634;Precio Banda de regulación secundaria;;;23.63;2017-01-17T13:00:00+01:00
634;Precio Banda de regulación secundaria;;;26.1;2017-01-17T14:00:00+01:00
634;Precio Banda de regulación secundaria;;;24;2017-01-17T15:00:00+01:00
634;Precio Banda de regulación secundaria;;;19.6;2017-01-17T16:00:00+01:00
634;Precio Banda de regulación secundaria;;;26.79;2017-01-17T17:00:00+01:00
634;Precio Banda de regulación secundaria;;;23.59;2017-01-17T18:00:00+01:00
634;Precio Banda de regulación secundaria;;;23.53;2017-01-17T19:00:00+01:00
634;Precio Banda de regulación secundaria;;;15.71;2017-01-17T20:00:00+01:00
634;Precio Banda de regulación secundaria;;;22.03;2017-01-17T21:00:00+01:00
634;Precio Banda de regulación secundaria;;;30.46;2017-01-17T22:00:00+01:00
634;Precio Banda de regulación secundaria;;;29.75;2017-01-17T23:00:00+01:00
634;Precio Banda de regulación secundaria;;;23.28;2017-01-18T00:00:00+01:00
634;Precio Banda de regulación secundaria;;;27.72;2017-01-18T01:00:00+01:00
634;Precio Banda de regulación secundaria;;;18.14;2017-01-18T02:00:00+01:00
634;Precio Banda de regulación secundaria;;;17.49;2017-01-18T03:00:00+01:00
634;Precio Banda de regulación secundaria;;;18.43;2017-01-18T04:00:00+01:00
634;Precio Banda de regulación secundaria;;;19.15;2017-01-18T05:00:00+01:00
634;Precio Banda de regulación secundaria;;;37.73;2017-01-18T06:00:00+01:00
634;Precio Banda de regulación secundaria;;;28.33;2017-01-18T07:00:00+01:00
634;Precio Banda de regulación secundaria;;;20;2017-01-18T08:00:00+01:00
634;Precio Banda de regulación secundaria;;;18.3;2017-01-18T09:00:00+01:00
634;Precio Banda de regulación secundaria;;;14.99;2017-01-18T10:00:00+01:00
634;Precio Banda de regulación secundaria;;;13.47;2017-01-18T11:00:00+01:00
634;Precio Banda de regulación secundaria;;;12.87;2017-01-18T12:00:00+01:00
634;Precio Banda de regulación secundaria;;;12.93;2017-01-18T13:00:00+01:00
634;Precio Banda de regulación secundaria;;;15;2017-01-18T14:00:00+01:00
634;Precio Banda de regulación secundaria;;;15;2017-01-18T15:00:00+01:00
634;Precio Banda de regulación secundaria;;;11.36;2017-01-18T16:00:00+01:00
634;Precio Banda de regulación secundaria;;;13.48;2017-01-18T17:00:00+01:00
634;Precio Banda de regulación secundaria;;;20.8;2017-01-18T18:00:00+01:00
634;Precio Banda de regulación secundaria;;;19.2;2017-01-18T19:00:00+01:00
634;Precio Banda de regulación secundaria;;;13.15;2017-01-18T20:00:00+01:00
634;Precio Banda de regulación secundaria;;;20.6;2017-01-18T21:00:00+01:00
634;Precio Banda de regulación secundaria;;;26.16;2017-01-18T22:00:00+01:00
634;Precio Banda de regulación secundaria;;;28.43;2017-01-18T23:00:00+01:00
634;Precio Banda de regulación secundaria;;;31;2017-01-19T00:00:00+01:00
634;Precio Banda de regulación secundaria;;;31.5;2017-01-19T01:00:00+01:00
634;Precio Banda de regulación secundaria;;;23.2;2017-01-19T02:00:00+01:00
634;Precio Banda de regulación secundaria;;;20.6;2017-01-19T03:00:00+01:00
634;Precio Banda de regulación secundaria;;;16.5;2017-01-19T04:00:00+01:00
634;Precio Banda de regulación secundaria;;;19.5;2017-01-19T05:00:00+01:00
634;Precio Banda de regulación secundaria;;;34.12;2017-01-19T06:00:00+01:00
634;Precio Banda de regulación secundaria;;;24.6;2017-01-19T07:00:00+01:00
634;Precio Banda de regulación secundaria;;;16.3;2017-01-19T08:00:00+01:00
634;Precio Banda de regulación secundaria;;;12.54;2017-01-19T09:00:00+01:00
634;Precio Banda de regulación secundaria;;;9.9;2017-01-19T10:00:00+01:00
634;Precio Banda de regulación secundaria;;;9.95;2017-01-19T11:00:00+01:00
634;Precio Banda de regulación secundaria;;;10.6;2017-01-19T12:00:00+01:00
634;Precio Banda de regulación secundaria;;;11.3;2017-01-19T13:00:00+01:00
634;Precio Banda de regulación secundaria;;;15.6;2017-01-19T14:00:00+01:00
634;Precio Banda de regulación secundaria;;;13.91;2017-01-19T15:00:00+01:00
634;Precio Banda de regulación secundaria;;;13.33;2017-01-19T16:00:00+01:00
634;Precio Banda de regulación secundaria;;;12.92;2017-01-19T17:00:00+01:00
634;Precio Banda de regulación secundaria;;;10.3;2017-01-19T18:00:00+01:00
634;Precio Banda de regulación secundaria;;;10.31;2017-01-19T19:00:00+01:00
634;Precio Banda de regulación secundaria;;;10.84;2017-01-19T20:00:00+01:00
634;Precio Banda de regulación secundaria;;;15.05;2017-01-19T21:00:00+01:00
634;Precio Banda de regulación secundaria;;;20.81;2017-01-19T22:00:00+01:00
634;Precio Banda de regulación secundaria;;;29.18;2017-01-19T23:00:00+01:00
634;Precio Banda de regulación secundaria;;;29.76;2017-01-20T00:00:00+01:00
634;Precio Banda de regulación secundaria;;;30.95;2017-01-20T01:00:00+01:00
634;Precio Banda de regulación secundaria;;;17.6;2017-01-20T02:00:00+01:00
634;Precio Banda de regulación secundaria;;;16.4;2017-01-20T03:00:00+01:00
634;Precio Banda de regulación secundaria;;;17.9;2017-01-20T04:00:00+01:00
634;Precio Banda de regulación secundaria;;;24.66;2017-01-20T05:00:00+01:00
634;Precio Banda de regulación secundaria;;;33.1;2017-01-20T06:00:00+01:00
634;Precio Banda de regulación secundaria;;;28;2017-01-20T07:00:00+01:00
634;Precio Banda de regulación secundaria;;;26.76;2017-01-20T08:00:00+01:00
634;Precio Banda de regulación secundaria;;;13.24;2017-01-20T09:00:00+01:00
634;Precio Banda de regulación secundaria;;;9.45;2017-01-20T10:00:00+01:00
634;Precio Banda de regulación secundaria;;;9.58;2017-01-20T11:00:00+01:00
634;Precio Banda de regulación secundaria;;;16.23;2017-01-20T12:00:00+01:00
634;Precio Banda de regulación secundaria;;;10.06;2017-01-20T13:00:00+01:00
634;Precio Banda de regulación secundaria;;;10.37;2017-01-20T14:00:00+01:00
634;Precio Banda de regulación secundaria;;;10.79;2017-01-20T15:00:00+01:00
634;Precio Banda de regulación secundaria;;;11.53;2017-01-20T16:00:00+01:00
634;Precio Banda de regulación secundaria;;;14.32;2017-01-20T17:00:00+01:00
634;Precio Banda de regulación secundaria;;;15.14;2017-01-20T18:00:00+01:00
634;Precio Banda de regulación secundaria;;;9.8;2017-01-20T19:00:00+01:00
634;Precio Banda de regulación secundaria;;;10.8;2017-01-20T20:00:00+01:00
634;Precio Banda de regulación secundaria;;;10.74;2017-01-20T21:00:00+01:00
634;Precio Banda de regulación secundaria;;;13.23;2017-01-20T22:00:00+01:00
634;Precio Banda de regulación secundaria;;;18.54;2017-01-20T23:00:00+01:00
634;Precio Banda de regulación secundaria;;;21.7;2017-01-21T00:00:00+01:00
634;Precio Banda de regulación secundaria;;;22.7;2017-01-21T01:00:00+01:00
634;Precio Banda de regulación secundaria;;;27.24;2017-01-21T02:00:00+01:00
634;Precio Banda de regulación secundaria;;;27.71;2017-01-21T03:00:00+01:00
634;Precio Banda de regulación secundaria;;;23.1;2017-01-21T04:00:00+01:00
634;Precio Banda de regulación secundaria;;;25.85;2017-01-21T05:00:00+01:00
634;Precio Banda de regulación secundaria;;;17.5;2017-01-21T06:00:00+01:00
634;Precio Banda de regulación secundaria;;;29.87;2017-01-21T07:00:00+01:00
634;Precio Banda de regulación secundaria;;;27.8;2017-01-21T08:00:00+01:00
634;Precio Banda de regulación secundaria;;;23.37;2017-01-21T09:00:00+01:00
634;Precio Banda de regulación secundaria;;;24.18;2017-01-21T10:00:00+01:00
634;Precio Banda de regulación secundaria;;;20.4;2017-01-21T11:00:00+01:00
634;Precio Banda de regulación secundaria;;;18.89;2017-01-21T12:00:00+01:00
634;Precio Banda de regulación secundaria;;;19.5;2017-01-21T13:00:00+01:00
634;Precio Banda de regulación secundaria;;;23;2017-01-21T14:00:00+01:00
634;Precio Banda de regulación secundaria;;;19.7;2017-01-21T15:00:00+01:00
634;Precio Banda de regulación secundaria;;;16.3;2017-01-21T16:00:00+01:00
634;Precio Banda de regulación secundaria;;;16.8;2017-01-21T17:00:00+01:00
634;Precio Banda de regulación secundaria;;;21.49;2017-01-21T18:00:00+01:00
634;Precio Banda de regulación secundaria;;;20.29;2017-01-21T19:00:00+01:00
634;Precio Banda de regulación secundaria;;;20.78;2017-01-21T20:00:00+01:00
634;Precio Banda de regulación secundaria;;;22.41;2017-01-21T21:00:00+01:00
634;Precio Banda de regulación secundaria;;;23.9;2017-01-21T22:00:00+01:00
634;Precio Banda de regulación secundaria;;;25;2017-01-21T23:00:00+01:00
634;Precio Banda de regulación secundaria;;;30;2017-01-22T00:00:00+01:00
634;Precio Banda de regulación secundaria;;;37.51;2017-01-22T01:00:00+01:00
634;Precio Banda de regulación secundaria;;;29.82;2017-01-22T02:00:00+01:00
634;Precio Banda de regulación secundaria;;;30;2017-01-22T03:00:00+01:00
634;Precio Banda de regulación secundaria;;;23.72;2017-01-22T04:00:00+01:00
634;Precio Banda de regulación secundaria;;;23.8;2017-01-22T05:00:00+01:00
634;Precio Banda de regulación secundaria;;;20;2017-01-22T06:00:00+01:00
634;Precio Banda de regulación secundaria;;;16.7;2017-01-22T07:00:00+01:00
634;Precio Banda de regulación secundaria;;;18.5;2017-01-22T08:00:00+01:00
634;Precio Banda de regulación secundaria;;;23.7;2017-01-22T09:00:00+01:00
634;Precio Banda de regulación secundaria;;;23.74;2017-01-22T10:00:00+01:00
634;Precio Banda de regulación secundaria;;;23.23;2017-01-22T11:00:00+01:00
634;Precio Banda de regulación secundaria;;;21.1;2017-01-22T12:00:00+01:00
634;Precio Banda de regulación secundaria;;;20.24;2017-01-22T13:00:00+01:00
634;Precio Banda de regulación secundaria;;;18.53;2017-01-22T14:00:00+01:00
634;Precio Banda de regulación secundaria;;;17.05;2017-01-22T15:00:00+01:00
634;Precio Banda de regulación secundaria;;;33.41;2017-01-22T16:00:00+01:00
634;Precio Banda de regulación secundaria;;;20.9;2017-01-22T17:00:00+01:00
634;Precio Banda de regulación secundaria;;;23.6;2017-01-22T18:00:00+01:00
634;Precio Banda de regulación secundaria;;;22.7;2017-01-22T19:00:00+01:00
634;Precio Banda de regulación secundaria;;;21.98;2017-01-22T20:00:00+01:00
634;Precio Banda de regulación secundaria;;;20.1;2017-01-22T21:00:00+01:00
634;Precio Banda de regulación secundaria;;;21.4;2017-01-22T22:00:00+01:00
634;Precio Banda de regulación secundaria;;;23.7;2017-01-22T23:00:00+01:00
634;Precio Banda de regulación secundaria;;;40.42;2017-01-23T00:00:00+01:00
634;Precio Banda de regulación secundaria;;;43.05;2017-01-23T01:00:00+01:00
634;Precio Banda de regulación secundaria;;;19.67;2017-01-23T02:00:00+01:00
634;Precio Banda de regulación secundaria;;;30.01;2017-01-23T03:00:00+01:00
634;Precio Banda de regulación secundaria;;;21.5;2017-01-23T04:00:00+01:00
634;Precio Banda de regulación secundaria;;;19.5;2017-01-23T05:00:00+01:00
634;Precio Banda de regulación secundaria;;;36.08;2017-01-23T06:00:00+01:00
634;Precio Banda de regulación secundaria;;;21.59;2017-01-23T07:00:00+01:00
634;Precio Banda de regulación secundaria;;;20.18;2017-01-23T08:00:00+01:00
634;Precio Banda de regulación secundaria;;;18.64;2017-01-23T09:00:00+01:00
634;Precio Banda de regulación secundaria;;;18.64;2017-01-23T10:00:00+01:00
634;Precio Banda de regulación secundaria;;;12.25;2017-01-23T11:00:00+01:00
634;Precio Banda de regulación secundaria;;;16.3;2017-01-23T12:00:00+01:00
634;Precio Banda de regulación secundaria;;;15.09;2017-01-23T13:00:00+01:00
634;Precio Banda de regulación secundaria;;;20.2;2017-01-23T14:00:00+01:00
634;Precio Banda de regulación secundaria;;;15.47;2017-01-23T15:00:00+01:00
634;Precio Banda de regulación secundaria;;;15.76;2017-01-23T16:00:00+01:00
634;Precio Banda de regulación secundaria;;;17.3;2017-01-23T17:00:00+01:00
634;Precio Banda de regulación secundaria;;;17.55;2017-01-23T18:00:00+01:00
634;Precio Banda de regulación secundaria;;;18.91;2017-01-23T19:00:00+01:00
634;Precio Banda de regulación secundaria;;;12.5;2017-01-23T20:00:00+01:00
634;Precio Banda de regulación secundaria;;;18.7;2017-01-23T21:00:00+01:00
634;Precio Banda de regulación secundaria;;;25;2017-01-23T22:00:00+01:00
634;Precio Banda de regulación secundaria;;;24.78;2017-01-23T23:00:00+01:00
634;Precio Banda de regulación secundaria;;;34.7;2017-01-24T00:00:00+01:00
634;Precio Banda de regulación secundaria;;;35.93;2017-01-24T01:00:00+01:00
634;Precio Banda de regulación secundaria;;;26.36;2017-01-24T02:00:00+01:00
634;Precio Banda de regulación secundaria;;;25;2017-01-24T03:00:00+01:00
634;Precio Banda de regulación secundaria;;;25.6;2017-01-24T04:00:00+01:00
634;Precio Banda de regulación secundaria;;;26.9;2017-01-24T05:00:00+01:00
634;Precio Banda de regulación secundaria;;;35.9;2017-01-24T06:00:00+01:00
634;Precio Banda de regulación secundaria;;;25;2017-01-24T07:00:00+01:00
634;Precio Banda de regulación secundaria;;;24.38;2017-01-24T08:00:00+01:00
634;Precio Banda de regulación secundaria;;;22.85;2017-01-24T09:00:00+01:00
634;Precio Banda de regulación secundaria;;;22.85;2017-01-24T10:00:00+01:00
634;Precio Banda de regulación secundaria;;;20.93;2017-01-24T11:00:00+01:00
634;Precio Banda de regulación secundaria;;;24.1;2017-01-24T12:00:00+01:00
634;Precio Banda de regulación secundaria;;;24.2;2017-01-24T13:00:00+01:00
634;Precio Banda de regulación secundaria;;;28.44;2017-01-24T14:00:00+01:00
634;Precio Banda de regulación secundaria;;;27.5;2017-01-24T15:00:00+01:00
634;Precio Banda de regulación secundaria;;;25;2017-01-24T16:00:00+01:00
634;Precio Banda de regulación secundaria;;;21.9;2017-01-24T17:00:00+01:00
634;Precio Banda de regulación secundaria;;;27.38;2017-01-24T18:00:00+01:00
634;Precio Banda de regulación secundaria;;;25;2017-01-24T19:00:00+01:00
634;Precio Banda de regulación secundaria;;;19.9;2017-01-24T20:00:00+01:00
634;Precio Banda de regulación secundaria;;;23.1;2017-01-24T21:00:00+01:00
634;Precio Banda de regulación secundaria;;;24.5;2017-01-24T22:00:00+01:00
634;Precio Banda de regulación secundaria;;;28.23;2017-01-24T23:00:00+01:00
634;Precio Banda de regulación secundaria;;;27.8;2017-01-25T00:00:00+01:00
634;Precio Banda de regulación secundaria;;;28.5;2017-01-25T01:00:00+01:00
634;Precio Banda de regulación secundaria;;;28.2;2017-01-25T02:00:00+01:00
634;Precio Banda de regulación secundaria;;;26.2;2017-01-25T03:00:00+01:00
634;Precio Banda de regulación secundaria;;;17.2;2017-01-25T04:00:00+01:00
634;Precio Banda de regulación secundaria;;;26.1;2017-01-25T05:00:00+01:00
634;Precio Banda de regulación secundaria;;;28.39;2017-01-25T06:00:00+01:00
634;Precio Banda de regulación secundaria;;;21.99;2017-01-25T07:00:00+01:00
634;Precio Banda de regulación secundaria;;;14.1;2017-01-25T08:00:00+01:00
634;Precio Banda de regulación secundaria;;;11.83;2017-01-25T09:00:00+01:00
634;Precio Banda de regulación secundaria;;;10.2;2017-01-25T10:00:00+01:00
634;Precio Banda de regulación secundaria;;;14.5;2017-01-25T11:00:00+01:00
634;Precio Banda de regulación secundaria;;;17;2017-01-25T12:00:00+01:00
634;Precio Banda de regulación secundaria;;;18;2017-01-25T13:00:00+01:00
634;Precio Banda de regulación secundaria;;;19.1;2017-01-25T14:00:00+01:00
634;Precio Banda de regulación secundaria;;;10.5;2017-01-25T15:00:00+01:00
634;Precio Banda de regulación secundaria;;;20.7;2017-01-25T16:00:00+01:00
634;Precio Banda de regulación secundaria;;;15.36;2017-01-25T17:00:00+01:00
634;Precio Banda de regulación secundaria;;;13.7;2017-01-25T18:00:00+01:00
634;Precio Banda de regulación secundaria;;;9.3;2017-01-25T19:00:00+01:00
634;Precio Banda de regulación secundaria;;;7.3;2017-01-25T20:00:00+01:00
634;Precio Banda de regulación secundaria;;;17;2017-01-25T21:00:00+01:00
634;Precio Banda de regulación secundaria;;;19.19;2017-01-25T22:00:00+01:00
634;Precio Banda de regulación secundaria;;;26.69;2017-01-25T23:00:00+01:00
634;Precio Banda de regulación secundaria;;;28.18;2017-01-26T00:00:00+01:00
634;Precio Banda de regulación secundaria;;;28.29;2017-01-26T01:00:00+01:00
634;Precio Banda de regulación secundaria;;;26.9;2017-01-26T02:00:00+01:00
634;Precio Banda de regulación secundaria;;;23.9;2017-01-26T03:00:00+01:00
634;Precio Banda de regulación secundaria;;;27.77;2017-01-26T04:00:00+01:00
634;Precio Banda de regulación secundaria;;;23.7;2017-01-26T05:00:00+01:00
634;Precio Banda de regulación secundaria;;;30.5;2017-01-26T06:00:00+01:00
634;Precio Banda de regulación secundaria;;;25.59;2017-01-26T07:00:00+01:00
634;Precio Banda de regulación secundaria;;;21.9;2017-01-26T08:00:00+01:00
634;Precio Banda de regulación secundaria;;;18;2017-01-26T09:00:00+01:00
634;Precio Banda de regulación secundaria;;;21.58;2017-01-26T10:00:00+01:00
634;Precio Banda de regulación secundaria;;;16.2;2017-01-26T11:00:00+01:00
634;Precio Banda de regulación secundaria;;;18;2017-01-26T12:00:00+01:00
634;Precio Banda de regulación secundaria;;;18.9;2017-01-26T13:00:00+01:00
634;Precio Banda de regulación secundaria;;;24.4;2017-01-26T14:00:00+01:00
634;Precio Banda de regulación secundaria;;;26.5;2017-01-26T15:00:00+01:00
634;Precio Banda de regulación secundaria;;;18;2017-01-26T16:00:00+01:00
634;Precio Banda de regulación secundaria;;;18.8;2017-01-26T17:00:00+01:00
634;Precio Banda de regulación secundaria;;;27.9;2017-01-26T18:00:00+01:00
634;Precio Banda de regulación secundaria;;;24;2017-01-26T19:00:00+01:00
634;Precio Banda de regulación secundaria;;;17.9;2017-01-26T20:00:00+01:00
634;Precio Banda de regulación secundaria;;;30.31;2017-01-26T21:00:00+01:00
634;Precio Banda de regulación secundaria;;;33.23;2017-01-26T22:00:00+01:00
634;Precio Banda de regulación secundaria;;;31.96;2017-01-26T23:00:00+01:00
634;Precio Banda de regulación secundaria;;;22.6;2017-01-27T00:00:00+01:00
634;Precio Banda de regulación secundaria;;;27.68;2017-01-27T01:00:00+01:00
634;Precio Banda de regulación secundaria;;;16.64;2017-01-27T02:00:00+01:00
634;Precio Banda de regulación secundaria;;;28.51;2017-01-27T03:00:00+01:00
634;Precio Banda de regulación secundaria;;;17.83;2017-01-27T04:00:00+01:00
634;Precio Banda de regulación secundaria;;;17.7;2017-01-27T05:00:00+01:00
634;Precio Banda de regulación secundaria;;;28.51;2017-01-27T06:00:00+01:00
634;Precio Banda de regulación secundaria;;;24.42;2017-01-27T07:00:00+01:00
634;Precio Banda de regulación secundaria;;;24.9;2017-01-27T08:00:00+01:00
634;Precio Banda de regulación secundaria;;;19.3;2017-01-27T09:00:00+01:00
634;Precio Banda de regulación secundaria;;;13.92;2017-01-27T10:00:00+01:00
634;Precio Banda de regulación secundaria;;;13.28;2017-01-27T11:00:00+01:00
634;Precio Banda de regulación secundaria;;;21.85;2017-01-27T12:00:00+01:00
634;Precio Banda de regulación secundaria;;;16.3;2017-01-27T13:00:00+01:00
634;Precio Banda de regulación secundaria;;;22.77;2017-01-27T14:00:00+01:00
634;Precio Banda de regulación secundaria;;;18.7;2017-01-27T15:00:00+01:00
634;Precio Banda de regulación secundaria;;;16.7;2017-01-27T16:00:00+01:00
634;Precio Banda de regulación secundaria;;;16;2017-01-27T17:00:00+01:00
634;Precio Banda de regulación secundaria;;;23.5;2017-01-27T18:00:00+01:00
634;Precio Banda de regulación secundaria;;;23.71;2017-01-27T19:00:00+01:00
634;Precio Banda de regulación secundaria;;;20;2017-01-27T20:00:00+01:00
634;Precio Banda de regulación secundaria;;;31.58;2017-01-27T21:00:00+01:00
634;Precio Banda de regulación secundaria;;;31.58;2017-01-27T22:00:00+01:00
634;Precio Banda de regulación secundaria;;;27.11;2017-01-27T23:00:00+01:00
634;Precio Banda de regulación secundaria;;;18.21;2017-01-28T00:00:00+01:00
634;Precio Banda de regulación secundaria;;;21.04;2017-01-28T01:00:00+01:00
634;Precio Banda de regulación secundaria;;;19.84;2017-01-28T02:00:00+01:00
634;Precio Banda de regulación secundaria;;;22.97;2017-01-28T03:00:00+01:00
634;Precio Banda de regulación secundaria;;;20;2017-01-28T04:00:00+01:00
634;Precio Banda de regulación secundaria;;;20;2017-01-28T05:00:00+01:00
634;Precio Banda de regulación secundaria;;;20;2017-01-28T06:00:00+01:00
634;Precio Banda de regulación secundaria;;;20;2017-01-28T07:00:00+01:00
634;Precio Banda de regulación secundaria;;;23.63;2017-01-28T08:00:00+01:00
634;Precio Banda de regulación secundaria;;;18.3;2017-01-28T09:00:00+01:00
634;Precio Banda de regulación secundaria;;;16.1;2017-01-28T10:00:00+01:00
634;Precio Banda de regulación secundaria;;;14.56;2017-01-28T11:00:00+01:00
634;Precio Banda de regulación secundaria;;;15;2017-01-28T12:00:00+01:00
634;Precio Banda de regulación secundaria;;;13.2;2017-01-28T13:00:00+01:00
634;Precio Banda de regulación secundaria;;;13.8;2017-01-28T14:00:00+01:00
634;Precio Banda de regulación secundaria;;;11.5;2017-01-28T15:00:00+01:00
634;Precio Banda de regulación secundaria;;;13.7;2017-01-28T16:00:00+01:00
634;Precio Banda de regulación secundaria;;;11.43;2017-01-28T17:00:00+01:00
634;Precio Banda de regulación secundaria;;;19.42;2017-01-28T18:00:00+01:00
634;Precio Banda de regulación secundaria;;;18.28;2017-01-28T19:00:00+01:00
634;Precio Banda de regulación secundaria;;;11.65;2017-01-28T20:00:00+01:00
634;Precio Banda de regulación secundaria;;;11.65;2017-01-28T21:00:00+01:00
634;Precio Banda de regulación secundaria;;;15;2017-01-28T22:00:00+01:00
634;Precio Banda de regulación secundaria;;;17.2;2017-01-28T23:00:00+01:00
634;Precio Banda de regulación secundaria;;;16.64;2017-01-29T00:00:00+01:00
634;Precio Banda de regulación secundaria;;;17.07;2017-01-29T01:00:00+01:00
634;Precio Banda de regulación secundaria;;;20.08;2017-01-29T02:00:00+01:00
634;Precio Banda de regulación secundaria;;;20.95;2017-01-29T03:00:00+01:00
634;Precio Banda de regulación secundaria;;;19.91;2017-01-29T04:00:00+01:00
634;Precio Banda de regulación secundaria;;;20;2017-01-29T05:00:00+01:00
634;Precio Banda de regulación secundaria;;;17.18;2017-01-29T06:00:00+01:00
634;Precio Banda de regulación secundaria;;;15;2017-01-29T07:00:00+01:00
634;Precio Banda de regulación secundaria;;;12.55;2017-01-29T08:00:00+01:00
634;Precio Banda de regulación secundaria;;;19.7;2017-01-29T09:00:00+01:00
634;Precio Banda de regulación secundaria;;;17.8;2017-01-29T10:00:00+01:00
634;Precio Banda de regulación secundaria;;;16.8;2017-01-29T11:00:00+01:00
634;Precio Banda de regulación secundaria;;;12.17;2017-01-29T12:00:00+01:00
634;Precio Banda de regulación secundaria;;;12;2017-01-29T13:00:00+01:00
634;Precio Banda de regulación secundaria;;;11.33;2017-01-29T14:00:00+01:00
634;Precio Banda de regulación secundaria;;;22.47;2017-01-29T15:00:00+01:00
634;Precio Banda de regulación secundaria;;;15.6;2017-01-29T16:00:00+01:00
634;Precio Banda de regulación secundaria;;;12.09;2017-01-29T17:00:00+01:00
634;Precio Banda de regulación secundaria;;;20.04;2017-01-29T18:00:00+01:00
634;Precio Banda de regulación secundaria;;;14.15;2017-01-29T19:00:00+01:00
634;Precio Banda de regulación secundaria;;;13.7;2017-01-29T20:00:00+01:00
634;Precio Banda de regulación secundaria;;;7.86;2017-01-29T21:00:00+01:00
634;Precio Banda de regulación secundaria;;;14;2017-01-29T22:00:00+01:00
634;Precio Banda de regulación secundaria;;;16.2;2017-01-29T23:00:00+01:00
634;Precio Banda de regulación secundaria;;;27.77;2017-01-30T00:00:00+01:00
634;Precio Banda de regulación secundaria;;;32.77;2017-01-30T01:00:00+01:00
634;Precio Banda de regulación secundaria;;;13.03;2017-01-30T02:00:00+01:00
634;Precio Banda de regulación secundaria;;;9.95;2017-01-30T03:00:00+01:00
634;Precio Banda de regulación secundaria;;;9.06;2017-01-30T04:00:00+01:00
634;Precio Banda de regulación secundaria;;;32.77;2017-01-30T05:00:00+01:00
634;Precio Banda de regulación secundaria;;;37.77;2017-01-30T06:00:00+01:00
634;Precio Banda de regulación secundaria;;;17.31;2017-01-30T07:00:00+01:00
634;Precio Banda de regulación secundaria;;;14.42;2017-01-30T08:00:00+01:00
634;Precio Banda de regulación secundaria;;;13.9;2017-01-30T09:00:00+01:00
634;Precio Banda de regulación secundaria;;;14.73;2017-01-30T10:00:00+01:00
634;Precio Banda de regulación secundaria;;;13.94;2017-01-30T11:00:00+01:00
634;Precio Banda de regulación secundaria;;;12.94;2017-01-30T12:00:00+01:00
634;Precio Banda de regulación secundaria;;;7.77;2017-01-30T13:00:00+01:00
634;Precio Banda de regulación secundaria;;;8.49;2017-01-30T14:00:00+01:00
634;Precio Banda de regulación secundaria;;;8.89;2017-01-30T15:00:00+01:00
634;Precio Banda de regulación secundaria;;;9.1;2017-01-30T16:00:00+01:00
634;Precio Banda de regulación secundaria;;;7.86;2017-01-30T17:00:00+01:00
634;Precio Banda de regulación secundaria;;;11.25;2017-01-30T18:00:00+01:00
634;Precio Banda de regulación secundaria;;;12.36;2017-01-30T19:00:00+01:00
634;Precio Banda de regulación secundaria;;;10.26;2017-01-30T20:00:00+01:00
634;Precio Banda de regulación secundaria;;;15.56;2017-01-30T21:00:00+01:00
634;Precio Banda de regulación secundaria;;;16.5;2017-01-30T22:00:00+01:00
634;Precio Banda de regulación secundaria;;;17.4;2017-01-30T23:00:00+01:00
634;Precio Banda de regulación secundaria;;;20.09;2017-01-31T00:00:00+01:00
634;Precio Banda de regulación secundaria;;;25;2017-01-31T01:00:00+01:00
634;Precio Banda de regulación secundaria;;;16.74;2017-01-31T02:00:00+01:00
634;Precio Banda de regulación secundaria;;;17.46;2017-01-31T03:00:00+01:00
634;Precio Banda de regulación secundaria;;;18.14;2017-01-31T04:00:00+01:00
634;Precio Banda de regulación secundaria;;;20.32;2017-01-31T05:00:00+01:00
634;Precio Banda de regulación secundaria;;;22.42;2017-01-31T06:00:00+01:00
634;Precio Banda de regulación secundaria;;;22.1;2017-01-31T07:00:00+01:00
634;Precio Banda de regulación secundaria;;;22.1;2017-01-31T08:00:00+01:00
634;Precio Banda de regulación secundaria;;;13.5;2017-01-31T09:00:00+01:00
634;Precio Banda de regulación secundaria;;;16.39;2017-01-31T10:00:00+01:00
634;Precio Banda de regulación secundaria;;;12.94;2017-01-31T11:00:00+01:00
634;Precio Banda de regulación secundaria;;;14.01;2017-01-31T12:00:00+01:00
634;Precio Banda de regulación secundaria;;;13.73;2017-01-31T13:00:00+01:00
634;Precio Banda de regulación secundaria;;;10;2017-01-31T14:00:00+01:00
634;Precio Banda de regulación secundaria;;;12.66;2017-01-31T15:00:00+01:00
634;Precio Banda de regulación secundaria;;;12.62;2017-01-31T16:00:00+01:00
634;Precio Banda de regulación secundaria;;;10.61;2017-01-31T17:00:00+01:00
634;Precio Banda de regulación secundaria;;;14.7;2017-01-31T18:00:00+01:00
634;Precio Banda de regulación secundaria;;;13.7;2017-01-31T19:00:00+01:00
634;Precio Banda de regulación secundaria;;;10.84;2017-01-31T20:00:00+01:00
634;Precio Banda de regulación secundaria;;;13.9;2017-01-31T21:00:00+01:00
634;Precio Banda de regulación secundaria;;;15.92;2017-01-31T22:00:00+01:00
634;Precio Banda de regulación secundaria;;;18.69;2017-01-31T23:00:00+01:00
634;Precio Banda de regulación secundaria;;;18.5;2017-02-01T00:00:00+01:00
634;Precio Banda de regulación secundaria;;;20.3;2017-02-01T01:00:00+01:00
634;Precio Banda de regulación secundaria;;;16.4;2017-02-01T02:00:00+01:00
634;Precio Banda de regulación secundaria;;;17.51;2017-02-01T03:00:00+01:00
634;Precio Banda de regulación secundaria;;;17.65;2017-02-01T04:00:00+01:00
634;Precio Banda de regulación secundaria;;;21.15;2017-02-01T05:00:00+01:00
634;Precio Banda de regulación secundaria;;;20.4;2017-02-01T06:00:00+01:00
634;Precio Banda de regulación secundaria;;;12.44;2017-02-01T07:00:00+01:00
634;Precio Banda de regulación secundaria;;;12.05;2017-02-01T08:00:00+01:00
634;Precio Banda de regulación secundaria;;;9.98;2017-02-01T09:00:00+01:00
634;Precio Banda de regulación secundaria;;;7.77;2017-02-01T10:00:00+01:00
634;Precio Banda de regulación secundaria;;;7.9;2017-02-01T11:00:00+01:00
634;Precio Banda de regulación secundaria;;;8.63;2017-02-01T12:00:00+01:00
634;Precio Banda de regulación secundaria;;;10;2017-02-01T13:00:00+01:00
634;Precio Banda de regulación secundaria;;;12;2017-02-01T14:00:00+01:00
634;Precio Banda de regulación secundaria;;;15.13;2017-02-01T15:00:00+01:00
634;Precio Banda de regulación secundaria;;;13.6;2017-02-01T16:00:00+01:00
634;Precio Banda de regulación secundaria;;;11.22;2017-02-01T17:00:00+01:00
634;Precio Banda de regulación secundaria;;;12.69;2017-02-01T18:00:00+01:00
634;Precio Banda de regulación secundaria;;;11.89;2017-02-01T19:00:00+01:00
634;Precio Banda de regulación secundaria;;;12.8;2017-02-01T20:00:00+01:00
634;Precio Banda de regulación secundaria;;;14.88;2017-02-01T21:00:00+01:00
634;Precio Banda de regulación secundaria;;;16.95;2017-02-01T22:00:00+01:00
634;Precio Banda de regulación secundaria;;;21.27;2017-02-01T23:00:00+01:00
634;Precio Banda de regulación secundaria;;;32.21;2017-02-02T00:00:00+01:00
634;Precio Banda de regulación secundaria;;;29.4;2017-02-02T01:00:00+01:00
634;Precio Banda de regulación secundaria;;;23.41;2017-02-02T02:00:00+01:00
634;Precio Banda de regulación secundaria;;;29;2017-02-02T03:00:00+01:00
634;Precio Banda de regulación secundaria;;;28.32;2017-02-02T04:00:00+01:00
634;Precio Banda de regulación secundaria;;;26.16;2017-02-02T05:00:00+01:00
634;Precio Banda de regulación secundaria;;;30.08;2017-02-02T06:00:00+01:00
634;Precio Banda de regulación secundaria;;;18.26;2017-02-02T07:00:00+01:00
634;Precio Banda de regulación secundaria;;;17.12;2017-02-02T08:00:00+01:00
634;Precio Banda de regulación secundaria;;;16.7;2017-02-02T09:00:00+01:00
634;Precio Banda de regulación secundaria;;;15.84;2017-02-02T10:00:00+01:00
634;Precio Banda de regulación secundaria;;;17.7;2017-02-02T11:00:00+01:00
634;Precio Banda de regulación secundaria;;;16.4;2017-02-02T12:00:00+01:00
634;Precio Banda de regulación secundaria;;;17.71;2017-02-02T13:00:00+01:00
634;Precio Banda de regulación secundaria;;;23.69;2017-02-02T14:00:00+01:00
634;Precio Banda de regulación secundaria;;;26.1;2017-02-02T15:00:00+01:00
634;Precio Banda de regulación secundaria;;;21.62;2017-02-02T16:00:00+01:00
634;Precio Banda de regulación secundaria;;;20.02;2017-02-02T17:00:00+01:00
634;Precio Banda de regulación secundaria;;;18.24;2017-02-02T18:00:00+01:00
634;Precio Banda de regulación secundaria;;;17.3;2017-02-02T19:00:00+01:00
634;Precio Banda de regulación secundaria;;;16.3;2017-02-02T20:00:00+01:00
634;Precio Banda de regulación secundaria;;;18.36;2017-02-02T21:00:00+01:00
634;Precio Banda de regulación secundaria;;;24.33;2017-02-02T22:00:00+01:00
634;Precio Banda de regulación secundaria;;;28.59;2017-02-02T23:00:00+01:00
634;Precio Banda de regulación secundaria;;;53.77;2017-02-03T00:00:00+01:00
634;Precio Banda de regulación secundaria;;;54.85;2017-02-03T01:00:00+01:00
634;Precio Banda de regulación secundaria;;;32.3;2017-02-03T02:00:00+01:00
634;Precio Banda de regulación secundaria;;;33.06;2017-02-03T03:00:00+01:00
634;Precio Banda de regulación secundaria;;;33.09;2017-02-03T04:00:00+01:00
634;Precio Banda de regulación secundaria;;;57.7;2017-02-03T05:00:00+01:00
634;Precio Banda de regulación secundaria;;;54.77;2017-02-03T06:00:00+01:00
634;Precio Banda de regulación secundaria;;;39.77;2017-02-03T07:00:00+01:00
634;Precio Banda de regulación secundaria;;;18.76;2017-02-03T08:00:00+01:00
634;Precio Banda de regulación secundaria;;;19.05;2017-02-03T09:00:00+01:00
634;Precio Banda de regulación secundaria;;;14.03;2017-02-03T10:00:00+01:00
634;Precio Banda de regulación secundaria;;;14.56;2017-02-03T11:00:00+01:00
634;Precio Banda de regulación secundaria;;;17.25;2017-02-03T12:00:00+01:00
634;Precio Banda de regulación secundaria;;;17.39;2017-02-03T13:00:00+01:00
634;Precio Banda de regulación secundaria;;;22.48;2017-02-03T14:00:00+01:00
634;Precio Banda de regulación secundaria;;;23.78;2017-02-03T15:00:00+01:00
634;Precio Banda de regulación secundaria;;;21.23;2017-02-03T16:00:00+01:00
634;Precio Banda de regulación secundaria;;;17.7;2017-02-03T17:00:00+01:00
634;Precio Banda de regulación secundaria;;;16.9;2017-02-03T18:00:00+01:00
634;Precio Banda de regulación secundaria;;;16.8;2017-02-03T19:00:00+01:00
634;Precio Banda de regulación secundaria;;;20.8;2017-02-03T20:00:00+01:00
634;Precio Banda de regulación secundaria;;;21.64;2017-02-03T21:00:00+01:00
634;Precio Banda de regulación secundaria;;;26.8;2017-02-03T22:00:00+01:00
634;Precio Banda de regulación secundaria;;;54.77;2017-02-03T23:00:00+01:00
634;Precio Banda de regulación secundaria;;;65;2017-02-04T00:00:00+01:00
634;Precio Banda de regulación secundaria;;;65;2017-02-04T01:00:00+01:00
634;Precio Banda de regulación secundaria;;;42;2017-02-04T02:00:00+01:00
634;Precio Banda de regulación secundaria;;;32.47;2017-02-04T03:00:00+01:00
634;Precio Banda de regulación secundaria;;;40;2017-02-04T04:00:00+01:00
634;Precio Banda de regulación secundaria;;;40;2017-02-04T05:00:00+01:00
634;Precio Banda de regulación secundaria;;;44.2;2017-02-04T06:00:00+01:00
634;Precio Banda de regulación secundaria;;;60;2017-02-04T07:00:00+01:00
634;Precio Banda de regulación secundaria;;;60;2017-02-04T08:00:00+01:00
634;Precio Banda de regulación secundaria;;;41.73;2017-02-04T09:00:00+01:00
634;Precio Banda de regulación secundaria;;;37.25;2017-02-04T10:00:00+01:00
634;Precio Banda de regulación secundaria;;;20.19;2017-02-04T11:00:00+01:00
634;Precio Banda de regulación secundaria;;;20.33;2017-02-04T12:00:00+01:00
634;Precio Banda de regulación secundaria;;;22.07;2017-02-04T13:00:00+01:00
634;Precio Banda de regulación secundaria;;;25.15;2017-02-04T14:00:00+01:00
634;Precio Banda de regulación secundaria;;;45;2017-02-04T15:00:00+01:00
634;Precio Banda de regulación secundaria;;;45;2017-02-04T16:00:00+01:00
634;Precio Banda de regulación secundaria;;;45;2017-02-04T17:00:00+01:00
634;Precio Banda de regulación secundaria;;;34.21;2017-02-04T18:00:00+01:00
634;Precio Banda de regulación secundaria;;;14.11;2017-02-04T19:00:00+01:00
634;Precio Banda de regulación secundaria;;;16.89;2017-02-04T20:00:00+01:00
634;Precio Banda de regulación secundaria;;;19.53;2017-02-04T21:00:00+01:00
634;Precio Banda de regulación secundaria;;;42;2017-02-04T22:00:00+01:00
634;Precio Banda de regulación secundaria;;;45;2017-02-04T23:00:00+01:00
634;Precio Banda de regulación secundaria;;;47.61;2017-02-05T00:00:00+01:00
634;Precio Banda de regulación secundaria;;;56.01;2017-02-05T01:00:00+01:00
634;Precio Banda de regulación secundaria;;;66.4;2017-02-05T02:00:00+01:00
634;Precio Banda de regulación secundaria;;;38.9;2017-02-05T03:00:00+01:00
634;Precio Banda de regulación secundaria;;;41.36;2017-02-05T04:00:00+01:00
634;Precio Banda de regulación secundaria;;;40.5;2017-02-05T05:00:00+01:00
634;Precio Banda de regulación secundaria;;;41.36;2017-02-05T06:00:00+01:00
634;Precio Banda de regulación secundaria;;;67.86;2017-02-05T07:00:00+01:00
634;Precio Banda de regulación secundaria;;;73.36;2017-02-05T08:00:00+01:00
634;Precio Banda de regulación secundaria;;;79.6;2017-02-05T09:00:00+01:00
634;Precio Banda de regulación secundaria;;;54;2017-02-05T10:00:00+01:00
634;Precio Banda de regulación secundaria;;;36.01;2017-02-05T11:00:00+01:00
634;Precio Banda de regulación secundaria;;;36;2017-02-05T12:00:00+01:00
634;Precio Banda de regulación secundaria;;;38.5;2017-02-05T13:00:00+01:00
634;Precio Banda de regulación secundaria;;;50;2017-02-05T14:00:00+01:00
634;Precio Banda de regulación secundaria;;;50;2017-02-05T15:00:00+01:00
634;Precio Banda de regulación secundaria;;;34.66;2017-02-05T16:00:00+01:00
634;Precio Banda de regulación secundaria;;;29.48;2017-02-05T17:00:00+01:00
634;Precio Banda de regulación secundaria;;;20.91;2017-02-05T18:00:00+01:00
634;Precio Banda de regulación secundaria;;;13.81;2017-02-05T19:00:00+01:00
634;Precio Banda de regulación secundaria;;;14.43;2017-02-05T20:00:00+01:00
634;Precio Banda de regulación secundaria;;;10.5;2017-02-05T21:00:00+01:00
634;Precio Banda de regulación secundaria;;;18.31;2017-02-05T22:00:00+01:00
634;Precio Banda de regulación secundaria;;;19.4;2017-02-05T23:00:00+01:00
634;Precio Banda de regulación secundaria;;;51.59;2017-02-06T00:00:00+01:00
634;Precio Banda de regulación secundaria;;;60;2017-02-06T01:00:00+01:00
634;Precio Banda de regulación secundaria;;;60.66;2017-02-06T02:00:00+01:00
634;Precio Banda de regulación secundaria;;;29.93;2017-02-06T03:00:00+01:00
634;Precio Banda de regulación secundaria;;;30.19;2017-02-06T04:00:00+01:00
634;Precio Banda de regulación secundaria;;;61.1;2017-02-06T05:00:00+01:00
634;Precio Banda de regulación secundaria;;;65;2017-02-06T06:00:00+01:00
634;Precio Banda de regulación secundaria;;;26.34;2017-02-06T07:00:00+01:00
634;Precio Banda de regulación secundaria;;;15.33;2017-02-06T08:00:00+01:00
634;Precio Banda de regulación secundaria;;;12.97;2017-02-06T09:00:00+01:00
634;Precio Banda de regulación secundaria;;;12.6;2017-02-06T10:00:00+01:00
634;Precio Banda de regulación secundaria;;;15.32;2017-02-06T11:00:00+01:00
634;Precio Banda de regulación secundaria;;;18.98;2017-02-06T12:00:00+01:00
634;Precio Banda de regulación secundaria;;;19.85;2017-02-06T13:00:00+01:00
634;Precio Banda de regulación secundaria;;;20.13;2017-02-06T14:00:00+01:00
634;Precio Banda de regulación secundaria;;;20.6;2017-02-06T15:00:00+01:00
634;Precio Banda de regulación secundaria;;;20.82;2017-02-06T16:00:00+01:00
634;Precio Banda de regulación secundaria;;;20.13;2017-02-06T17:00:00+01:00
634;Precio Banda de regulación secundaria;;;14.69;2017-02-06T18:00:00+01:00
634;Precio Banda de regulación secundaria;;;11.9;2017-02-06T19:00:00+01:00
634;Precio Banda de regulación secundaria;;;9.92;2017-02-06T20:00:00+01:00
634;Precio Banda de regulación secundaria;;;16.25;2017-02-06T21:00:00+01:00
634;Precio Banda de regulación secundaria;;;15.95;2017-02-06T22:00:00+01:00
634;Precio Banda de regulación secundaria;;;40.19;2017-02-06T23:00:00+01:00
634;Precio Banda de regulación secundaria;;;24.87;2017-02-07T00:00:00+01:00
634;Precio Banda de regulación secundaria;;;32.08;2017-02-07T01:00:00+01:00
634;Precio Banda de regulación secundaria;;;22.49;2017-02-07T02:00:00+01:00
634;Precio Banda de regulación secundaria;;;23.12;2017-02-07T03:00:00+01:00
634;Precio Banda de regulación secundaria;;;23.23;2017-02-07T04:00:00+01:00
634;Precio Banda de regulación secundaria;;;25.12;2017-02-07T05:00:00+01:00
634;Precio Banda de regulación secundaria;;;24.32;2017-02-07T06:00:00+01:00
634;Precio Banda de regulación secundaria;;;12;2017-02-07T07:00:00+01:00
634;Precio Banda de regulación secundaria;;;6.47;2017-02-07T08:00:00+01:00
634;Precio Banda de regulación secundaria;;;7.09;2017-02-07T09:00:00+01:00
634;Precio Banda de regulación secundaria;;;8;2017-02-07T10:00:00+01:00
634;Precio Banda de regulación secundaria;;;8.86;2017-02-07T11:00:00+01:00
634;Precio Banda de regulación secundaria;;;9.74;2017-02-07T12:00:00+01:00
634;Precio Banda de regulación secundaria;;;12;2017-02-07T13:00:00+01:00
634;Precio Banda de regulación secundaria;;;11.6;2017-02-07T14:00:00+01:00
634;Precio Banda de regulación secundaria;;;9;2017-02-07T15:00:00+01:00
634;Precio Banda de regulación secundaria;;;9;2017-02-07T16:00:00+01:00
634;Precio Banda de regulación secundaria;;;9.49;2017-02-07T17:00:00+01:00
634;Precio Banda de regulación secundaria;;;12.34;2017-02-07T18:00:00+01:00
634;Precio Banda de regulación secundaria;;;9.1;2017-02-07T19:00:00+01:00
634;Precio Banda de regulación secundaria;;;9;2017-02-07T20:00:00+01:00
634;Precio Banda de regulación secundaria;;;12.26;2017-02-07T21:00:00+01:00
634;Precio Banda de regulación secundaria;;;13.26;2017-02-07T22:00:00+01:00
634;Precio Banda de regulación secundaria;;;21.6;2017-02-07T23:00:00+01:00
634;Precio Banda de regulación secundaria;;;23.54;2017-02-08T00:00:00+01:00
634;Precio Banda de regulación secundaria;;;25.98;2017-02-08T01:00:00+01:00
634;Precio Banda de regulación secundaria;;;22.96;2017-02-08T02:00:00+01:00
634;Precio Banda de regulación secundaria;;;13.99;2017-02-08T03:00:00+01:00
634;Precio Banda de regulación secundaria;;;14.35;2017-02-08T04:00:00+01:00
634;Precio Banda de regulación secundaria;;;14.47;2017-02-08T05:00:00+01:00
634;Precio Banda de regulación secundaria;;;19.46;2017-02-08T06:00:00+01:00
634;Precio Banda de regulación secundaria;;;12.7;2017-02-08T07:00:00+01:00
634;Precio Banda de regulación secundaria;;;10.26;2017-02-08T08:00:00+01:00
634;Precio Banda de regulación secundaria;;;10.84;2017-02-08T09:00:00+01:00
634;Precio Banda de regulación secundaria;;;10.33;2017-02-08T10:00:00+01:00
634;Precio Banda de regulación secundaria;;;10.5;2017-02-08T11:00:00+01:00
634;Precio Banda de regulación secundaria;;;11.5;2017-02-08T12:00:00+01:00
634;Precio Banda de regulación secundaria;;;9.7;2017-02-08T13:00:00+01:00
634;Precio Banda de regulación secundaria;;;13.89;2017-02-08T14:00:00+01:00
634;Precio Banda de regulación secundaria;;;12.3;2017-02-08T15:00:00+01:00
634;Precio Banda de regulación secundaria;;;8.08;2017-02-08T16:00:00+01:00
634;Precio Banda de regulación secundaria;;;8;2017-02-08T17:00:00+01:00
634;Precio Banda de regulación secundaria;;;8.49;2017-02-08T18:00:00+01:00
634;Precio Banda de regulación secundaria;;;9.5;2017-02-08T19:00:00+01:00
634;Precio Banda de regulación secundaria;;;6.9;2017-02-08T20:00:00+01:00
634;Precio Banda de regulación secundaria;;;12.92;2017-02-08T21:00:00+01:00
634;Precio Banda de regulación secundaria;;;9.9;2017-02-08T22:00:00+01:00
634;Precio Banda de regulación secundaria;;;12.42;2017-02-08T23:00:00+01:00
634;Precio Banda de regulación secundaria;;;15.99;2017-02-09T00:00:00+01:00
634;Precio Banda de regulación secundaria;;;18.64;2017-02-09T01:00:00+01:00
634;Precio Banda de regulación secundaria;;;12.1;2017-02-09T02:00:00+01:00
634;Precio Banda de regulación secundaria;;;7.98;2017-02-09T03:00:00+01:00
634;Precio Banda de regulación secundaria;;;6;2017-02-09T04:00:00+01:00
634;Precio Banda de regulación secundaria;;;8.17;2017-02-09T05:00:00+01:00
634;Precio Banda de regulación secundaria;;;13;2017-02-09T06:00:00+01:00
634;Precio Banda de regulación secundaria;;;8.82;2017-02-09T07:00:00+01:00
634;Precio Banda de regulación secundaria;;;8;2017-02-09T08:00:00+01:00
634;Precio Banda de regulación secundaria;;;7;2017-02-09T09:00:00+01:00
634;Precio Banda de regulación secundaria;;;5.52;2017-02-09T10:00:00+01:00
634;Precio Banda de regulación secundaria;;;5;2017-02-09T11:00:00+01:00
634;Precio Banda de regulación secundaria;;;5.59;2017-02-09T12:00:00+01:00
634;Precio Banda de regulación secundaria;;;7.38;2017-02-09T13:00:00+01:00
634;Precio Banda de regulación secundaria;;;10.52;2017-02-09T14:00:00+01:00
634;Precio Banda de regulación secundaria;;;9.7;2017-02-09T15:00:00+01:00
634;Precio Banda de regulación secundaria;;;5.8;2017-02-09T16:00:00+01:00
634;Precio Banda de regulación secundaria;;;5;2017-02-09T17:00:00+01:00
634;Precio Banda de regulación secundaria;;;5;2017-02-09T18:00:00+01:00
634;Precio Banda de regulación secundaria;;;9.5;2017-02-09T19:00:00+01:00
634;Precio Banda de regulación secundaria;;;5;2017-02-09T20:00:00+01:00
634;Precio Banda de regulación secundaria;;;10.4;2017-02-09T21:00:00+01:00
634;Precio Banda de regulación secundaria;;;10.75;2017-02-09T22:00:00+01:00
634;Precio Banda de regulación secundaria;;;12.51;2017-02-09T23:00:00+01:00
634;Precio Banda de regulación secundaria;;;17.79;2017-02-10T00:00:00+01:00
634;Precio Banda de regulación secundaria;;;19.52;2017-02-10T01:00:00+01:00
634;Precio Banda de regulación secundaria;;;12.8;2017-02-10T02:00:00+01:00
634;Precio Banda de regulación secundaria;;;12.12;2017-02-10T03:00:00+01:00
634;Precio Banda de regulación secundaria;;;8.9;2017-02-10T04:00:00+01:00
634;Precio Banda de regulación secundaria;;;10;2017-02-10T05:00:00+01:00
634;Precio Banda de regulación secundaria;;;14.48;2017-02-10T06:00:00+01:00
634;Precio Banda de regulación secundaria;;;13.31;2017-02-10T07:00:00+01:00
634;Precio Banda de regulación secundaria;;;11.64;2017-02-10T08:00:00+01:00
634;Precio Banda de regulación secundaria;;;14.92;2017-02-10T09:00:00+01:00
634;Precio Banda de regulación secundaria;;;8;2017-02-10T10:00:00+01:00
634;Precio Banda de regulación secundaria;;;5;2017-02-10T11:00:00+01:00
634;Precio Banda de regulación secundaria;;;4.69;2017-02-10T12:00:00+01:00
634;Precio Banda de regulación secundaria;;;5.2;2017-02-10T13:00:00+01:00
634;Precio Banda de regulación secundaria;;;6.6;2017-02-10T14:00:00+01:00
634;Precio Banda de regulación secundaria;;;6.55;2017-02-10T15:00:00+01:00
634;Precio Banda de regulación secundaria;;;3.99;2017-02-10T16:00:00+01:00
634;Precio Banda de regulación secundaria;;;3.5;2017-02-10T17:00:00+01:00
634;Precio Banda de regulación secundaria;;;8;2017-02-10T18:00:00+01:00
634;Precio Banda de regulación secundaria;;;16.2;2017-02-10T19:00:00+01:00
634;Precio Banda de regulación secundaria;;;8;2017-02-10T20:00:00+01:00
634;Precio Banda de regulación secundaria;;;9.05;2017-02-10T21:00:00+01:00
634;Precio Banda de regulación secundaria;;;9.14;2017-02-10T22:00:00+01:00
634;Precio Banda de regulación secundaria;;;9.38;2017-02-10T23:00:00+01:00
634;Precio Banda de regulación secundaria;;;16.66;2017-02-11T00:00:00+01:00
634;Precio Banda de regulación secundaria;;;24.56;2017-02-11T01:00:00+01:00
634;Precio Banda de regulación secundaria;;;20.5;2017-02-11T02:00:00+01:00
634;Precio Banda de regulación secundaria;;;26.63;2017-02-11T03:00:00+01:00
634;Precio Banda de regulación secundaria;;;17.27;2017-02-11T04:00:00+01:00
634;Precio Banda de regulación secundaria;;;13.86;2017-02-11T05:00:00+01:00
634;Precio Banda de regulación secundaria;;;16.47;2017-02-11T06:00:00+01:00
634;Precio Banda de regulación secundaria;;;25.94;2017-02-11T07:00:00+01:00
634;Precio Banda de regulación secundaria;;;15.21;2017-02-11T08:00:00+01:00
634;Precio Banda de regulación secundaria;;;12.58;2017-02-11T09:00:00+01:00
634;Precio Banda de regulación secundaria;;;11.2;2017-02-11T10:00:00+01:00
634;Precio Banda de regulación secundaria;;;9.32;2017-02-11T11:00:00+01:00
634;Precio Banda de regulación secundaria;;;10;2017-02-11T12:00:00+01:00
634;Precio Banda de regulación secundaria;;;8.97;2017-02-11T13:00:00+01:00
634;Precio Banda de regulación secundaria;;;13.48;2017-02-11T14:00:00+01:00
634;Precio Banda de regulación secundaria;;;13.64;2017-02-11T15:00:00+01:00
634;Precio Banda de regulación secundaria;;;16.85;2017-02-11T16:00:00+01:00
634;Precio Banda de regulación secundaria;;;10.82;2017-02-11T17:00:00+01:00
634;Precio Banda de regulación secundaria;;;10;2017-02-11T18:00:00+01:00
634;Precio Banda de regulación secundaria;;;11.14;2017-02-11T19:00:00+01:00
634;Precio Banda de regulación secundaria;;;9.8;2017-02-11T20:00:00+01:00
634;Precio Banda de regulación secundaria;;;8.64;2017-02-11T21:00:00+01:00
634;Precio Banda de regulación secundaria;;;12.67;2017-02-11T22:00:00+01:00
634;Precio Banda de regulación secundaria;;;15.65;2017-02-11T23:00:00+01:00
634;Precio Banda de regulación secundaria;;;23.21;2017-02-12T00:00:00+01:00
634;Precio Banda de regulación secundaria;;;34.81;2017-02-12T01:00:00+01:00
634;Precio Banda de regulación secundaria;;;35.49;2017-02-12T02:00:00+01:00
634;Precio Banda de regulación secundaria;;;37.72;2017-02-12T03:00:00+01:00
634;Precio Banda de regulación secundaria;;;19.8;2017-02-12T04:00:00+01:00
634;Precio Banda de regulación secundaria;;;35.25;2017-02-12T05:00:00+01:00
634;Precio Banda de regulación secundaria;;;19.89;2017-02-12T06:00:00+01:00
634;Precio Banda de regulación secundaria;;;19.8;2017-02-12T07:00:00+01:00
634;Precio Banda de regulación secundaria;;;20.29;2017-02-12T08:00:00+01:00
634;Precio Banda de regulación secundaria;;;36.05;2017-02-12T09:00:00+01:00
634;Precio Banda de regulación secundaria;;;33.35;2017-02-12T10:00:00+01:00
634;Precio Banda de regulación secundaria;;;29.53;2017-02-12T11:00:00+01:00
634;Precio Banda de regulación secundaria;;;15.39;2017-02-12T12:00:00+01:00
634;Precio Banda de regulación secundaria;;;17.11;2017-02-12T13:00:00+01:00
634;Precio Banda de regulación secundaria;;;19.52;2017-02-12T14:00:00+01:00
634;Precio Banda de regulación secundaria;;;46.27;2017-02-12T15:00:00+01:00
634;Precio Banda de regulación secundaria;;;49.39;2017-02-12T16:00:00+01:00
634;Precio Banda de regulación secundaria;;;21.68;2017-02-12T17:00:00+01:00
634;Precio Banda de regulación secundaria;;;33.38;2017-02-12T18:00:00+01:00
634;Precio Banda de regulación secundaria;;;19.98;2017-02-12T19:00:00+01:00
634;Precio Banda de regulación secundaria;;;19.98;2017-02-12T20:00:00+01:00
634;Precio Banda de regulación secundaria;;;15;2017-02-12T21:00:00+01:00
634;Precio Banda de regulación secundaria;;;32.95;2017-02-12T22:00:00+01:00
634;Precio Banda de regulación secundaria;;;37.38;2017-02-12T23:00:00+01:00
634;Precio Banda de regulación secundaria;;;39;2017-02-13T00:00:00+01:00
634;Precio Banda de regulación secundaria;;;39.59;2017-02-13T01:00:00+01:00
634;Precio Banda de regulación secundaria;;;24.15;2017-02-13T02:00:00+01:00
634;Precio Banda de regulación secundaria;;;22.01;2017-02-13T03:00:00+01:00
634;Precio Banda de regulación secundaria;;;21.65;2017-02-13T04:00:00+01:00
634;Precio Banda de regulación secundaria;;;21.59;2017-02-13T05:00:00+01:00
634;Precio Banda de regulación secundaria;;;16.73;2017-02-13T06:00:00+01:00
634;Precio Banda de regulación secundaria;;;8.89;2017-02-13T07:00:00+01:00
634;Precio Banda de regulación secundaria;;;11.2;2017-02-13T08:00:00+01:00
634;Precio Banda de regulación secundaria;;;11.1;2017-02-13T09:00:00+01:00
634;Precio Banda de regulación secundaria;;;8.44;2017-02-13T10:00:00+01:00
634;Precio Banda de regulación secundaria;;;9.18;2017-02-13T11:00:00+01:00
634;Precio Banda de regulación secundaria;;;8.58;2017-02-13T12:00:00+01:00
634;Precio Banda de regulación secundaria;;;8;2017-02-13T13:00:00+01:00
634;Precio Banda de regulación secundaria;;;12.65;2017-02-13T14:00:00+01:00
634;Precio Banda de regulación secundaria;;;11;2017-02-13T15:00:00+01:00
634;Precio Banda de regulación secundaria;;;7.39;2017-02-13T16:00:00+01:00
634;Precio Banda de regulación secundaria;;;8.54;2017-02-13T17:00:00+01:00
634;Precio Banda de regulación secundaria;;;8.41;2017-02-13T18:00:00+01:00
634;Precio Banda de regulación secundaria;;;10;2017-02-13T19:00:00+01:00
634;Precio Banda de regulación secundaria;;;10;2017-02-13T20:00:00+01:00
634;Precio Banda de regulación secundaria;;;10;2017-02-13T21:00:00+01:00
634;Precio Banda de regulación secundaria;;;11.68;2017-02-13T22:00:00+01:00
634;Precio Banda de regulación secundaria;;;11.58;2017-02-13T23:00:00+01:00
